NUTS_ID;Region;Cod_Grupo;Grupo;Sexo;Anyo;Valor
ES6;Sur;1;ACCESO  E INTERCEPTACIÓN ILÍCITA;Masculino;2017;2.4
ES6;Sur;1;ACCESO  E INTERCEPTACIÓN ILÍCITA;Masculino;2018;3.096
ES6;Sur;1;ACCESO  E INTERCEPTACIÓN ILÍCITA;Masculino;2019;3.534
ES6;Sur;1;ACCESO  E INTERCEPTACIÓN ILÍCITA;Masculino;2020;3.856
ES6;Sur;1;ACCESO  E INTERCEPTACIÓN ILÍCITA;Masculino;2021;3.824
ES6;Sur;1;ACCESO  E INTERCEPTACIÓN ILÍCITA;Masculino;2022;4.908
ES6;Sur;1;ACCESO  E INTERCEPTACIÓN ILÍCITA;Femenino;2017;4.064
ES6;Sur;1;ACCESO  E INTERCEPTACIÓN ILÍCITA;Femenino;2018;4.25
ES6;Sur;1;ACCESO  E INTERCEPTACIÓN ILÍCITA;Femenino;2019;4.744
ES6;Sur;1;ACCESO  E INTERCEPTACIÓN ILÍCITA;Femenino;2020;5.798
ES6;Sur;1;ACCESO  E INTERCEPTACIÓN ILÍCITA;Femenino;2021;6.33
ES6;Sur;1;ACCESO  E INTERCEPTACIÓN ILÍCITA;Femenino;2022;6.063
ES6;Sur;2;AMENAZAS Y COACCIONES;Masculino;2017;16.763
ES6;Sur;2;AMENAZAS Y COACCIONES;Masculino;2018;16.563
ES6;Sur;2;AMENAZAS Y COACCIONES;Masculino;2019;17.052
ES6;Sur;2;AMENAZAS Y COACCIONES;Masculino;2020;20.54
ES6;Sur;2;AMENAZAS Y COACCIONES;Masculino;2021;23.502
ES6;Sur;2;AMENAZAS Y COACCIONES;Masculino;2022;22.588
ES6;Sur;2;AMENAZAS Y COACCIONES;Femenino;2017;16.006
ES6;Sur;2;AMENAZAS Y COACCIONES;Femenino;2018;15.836
ES6;Sur;2;AMENAZAS Y COACCIONES;Femenino;2019;17.231
ES6;Sur;2;AMENAZAS Y COACCIONES;Femenino;2020;17.444
ES6;Sur;2;AMENAZAS Y COACCIONES;Femenino;2021;18.361
ES6;Sur;2;AMENAZAS Y COACCIONES;Femenino;2022;17.367
ES6;Sur;3;CONTRA EL HONOR;Masculino;2017;2.45
ES6;Sur;3;CONTRA EL HONOR;Masculino;2018;2.14
ES6;Sur;3;CONTRA EL HONOR;Masculino;2019;2.213
ES6;Sur;3;CONTRA EL HONOR;Masculino;2020;2.406
ES6;Sur;3;CONTRA EL HONOR;Masculino;2021;2.29
ES6;Sur;3;CONTRA EL HONOR;Masculino;2022;1.675
ES6;Sur;3;CONTRA EL HONOR;Femenino;2017;2.639
ES6;Sur;3;CONTRA EL HONOR;Femenino;2018;2.309
ES6;Sur;3;CONTRA EL HONOR;Femenino;2019;2.412
ES6;Sur;3;CONTRA EL HONOR;Femenino;2020;2.258
ES6;Sur;3;CONTRA EL HONOR;Femenino;2021;2.261
ES6;Sur;3;CONTRA EL HONOR;Femenino;2022;2.263
ES6;Sur;4;CONTRA LA PROPIEDAD INDUSTRIAL/INTELECTUAL;Masculino;2017;0.01
ES6;Sur;4;CONTRA LA PROPIEDAD INDUSTRIAL/INTELECTUAL;Masculino;2018;0.109
ES6;Sur;4;CONTRA LA PROPIEDAD INDUSTRIAL/INTELECTUAL;Masculino;2019;0.099
ES6;Sur;4;CONTRA LA PROPIEDAD INDUSTRIAL/INTELECTUAL;Masculino;2020;0.039
ES6;Sur;4;CONTRA LA PROPIEDAD INDUSTRIAL/INTELECTUAL;Masculino;2021;0.039
ES6;Sur;4;CONTRA LA PROPIEDAD INDUSTRIAL/INTELECTUAL;Masculino;2022;0.078
ES6;Sur;4;CONTRA LA PROPIEDAD INDUSTRIAL/INTELECTUAL;Femenino;2017;0.03
ES6;Sur;4;CONTRA LA PROPIEDAD INDUSTRIAL/INTELECTUAL;Femenino;2018;0.07
ES6;Sur;4;CONTRA LA PROPIEDAD INDUSTRIAL/INTELECTUAL;Femenino;2019;0.02
ES6;Sur;4;CONTRA LA PROPIEDAD INDUSTRIAL/INTELECTUAL;Femenino;2020;0.059
ES6;Sur;4;CONTRA LA PROPIEDAD INDUSTRIAL/INTELECTUAL;Femenino;2021;0.029
ES6;Sur;4;CONTRA LA PROPIEDAD INDUSTRIAL/INTELECTUAL;Femenino;2022;0.059
ES6;Sur;5;DELITOS SEXUALES;Masculino;2017;1.116
ES6;Sur;5;DELITOS SEXUALES;Masculino;2018;0.906
ES6;Sur;5;DELITOS SEXUALES;Masculino;2019;0.883
ES6;Sur;5;DELITOS SEXUALES;Masculino;2020;1.085
ES6;Sur;5;DELITOS SEXUALES;Masculino;2021;0.934
ES6;Sur;5;DELITOS SEXUALES;Masculino;2022;1.636
ES6;Sur;5;DELITOS SEXUALES;Femenino;2017;1.633
ES6;Sur;5;DELITOS SEXUALES;Femenino;2018;1.722
ES6;Sur;5;DELITOS SEXUALES;Femenino;2019;2.084
ES6;Sur;5;DELITOS SEXUALES;Femenino;2020;2.426
ES6;Sur;5;DELITOS SEXUALES;Femenino;2021;2.506
ES6;Sur;5;DELITOS SEXUALES;Femenino;2022;1.842
ES6;Sur;6;FALSIFICACIÓN INFORMÁTICA;Masculino;2017;3.297
ES6;Sur;6;FALSIFICACIÓN INFORMÁTICA;Masculino;2018;2.906
ES6;Sur;6;FALSIFICACIÓN INFORMÁTICA;Masculino;2019;3.444
ES6;Sur;6;FALSIFICACIÓN INFORMÁTICA;Masculino;2020;4.93
ES6;Sur;6;FALSIFICACIÓN INFORMÁTICA;Masculino;2021;7.736
ES6;Sur;6;FALSIFICACIÓN INFORMÁTICA;Masculino;2022;9.835
ES6;Sur;6;FALSIFICACIÓN INFORMÁTICA;Femenino;2017;3.466
ES6;Sur;6;FALSIFICACIÓN INFORMÁTICA;Femenino;2018;2.807
ES6;Sur;6;FALSIFICACIÓN INFORMÁTICA;Femenino;2019;3.365
ES6;Sur;6;FALSIFICACIÓN INFORMÁTICA;Femenino;2020;4.526
ES6;Sur;6;FALSIFICACIÓN INFORMÁTICA;Femenino;2021;8.178
ES6;Sur;6;FALSIFICACIÓN INFORMÁTICA;Femenino;2022;9.188
ES6;Sur;7;FRAUDE INFORMÁTICO;Masculino;2017;46.134
ES6;Sur;7;FRAUDE INFORMÁTICO;Masculino;2018;67.814
ES6;Sur;7;FRAUDE INFORMÁTICO;Masculino;2019;117.588
ES6;Sur;7;FRAUDE INFORMÁTICO;Masculino;2020;162.723
ES6;Sur;7;FRAUDE INFORMÁTICO;Masculino;2021;165.241
ES6;Sur;7;FRAUDE INFORMÁTICO;Masculino;2022;210.622
ES6;Sur;7;FRAUDE INFORMÁTICO;Femenino;2017;31.902
ES6;Sur;7;FRAUDE INFORMÁTICO;Femenino;2018;54.844
ES6;Sur;7;FRAUDE INFORMÁTICO;Femenino;2019;96.328
ES6;Sur;7;FRAUDE INFORMÁTICO;Femenino;2020;141.364
ES6;Sur;7;FRAUDE INFORMÁTICO;Femenino;2021;145.17
ES6;Sur;7;FRAUDE INFORMÁTICO;Femenino;2022;202.825
ES6;Sur;8;INTERFERENCIA EN LOS DATOS Y EN EL SISTEMA;Masculino;2017;1.305
ES6;Sur;8;INTERFERENCIA EN LOS DATOS Y EN EL SISTEMA;Masculino;2018;1.165
ES6;Sur;8;INTERFERENCIA EN LOS DATOS Y EN EL SISTEMA;Masculino;2019;1.29
ES6;Sur;8;INTERFERENCIA EN LOS DATOS Y EN EL SISTEMA;Masculino;2020;1.341
ES6;Sur;8;INTERFERENCIA EN LOS DATOS Y EN EL SISTEMA;Masculino;2021;1.956
ES6;Sur;8;INTERFERENCIA EN LOS DATOS Y EN EL SISTEMA;Masculino;2022;1.773
ES6;Sur;8;INTERFERENCIA EN LOS DATOS Y EN EL SISTEMA;Femenino;2017;0.817
ES6;Sur;8;INTERFERENCIA EN LOS DATOS Y EN EL SISTEMA;Femenino;2018;0.846
ES6;Sur;8;INTERFERENCIA EN LOS DATOS Y EN EL SISTEMA;Femenino;2019;0.794
ES6;Sur;8;INTERFERENCIA EN LOS DATOS Y EN EL SISTEMA;Femenino;2020;1.065
ES6;Sur;8;INTERFERENCIA EN LOS DATOS Y EN EL SISTEMA;Femenino;2021;1.602
ES6;Sur;8;INTERFERENCIA EN LOS DATOS Y EN EL SISTEMA;Femenino;2022;1.205
ES2;Noreste;1;ACCESO  E INTERCEPTACIÓN ILÍCITA;Masculino;2017;1.505
ES2;Noreste;1;ACCESO  E INTERCEPTACIÓN ILÍCITA;Masculino;2018;1.367
ES2;Noreste;1;ACCESO  E INTERCEPTACIÓN ILÍCITA;Masculino;2019;1.716
ES2;Noreste;1;ACCESO  E INTERCEPTACIÓN ILÍCITA;Masculino;2020;2.278
ES2;Noreste;1;ACCESO  E INTERCEPTACIÓN ILÍCITA;Masculino;2021;4.33
ES2;Noreste;1;ACCESO  E INTERCEPTACIÓN ILÍCITA;Masculino;2022;4.759
ES2;Noreste;1;ACCESO  E INTERCEPTACIÓN ILÍCITA;Femenino;2017;2.381
ES2;Noreste;1;ACCESO  E INTERCEPTACIÓN ILÍCITA;Femenino;2018;2.152
ES2;Noreste;1;ACCESO  E INTERCEPTACIÓN ILÍCITA;Femenino;2019;2.92
ES2;Noreste;1;ACCESO  E INTERCEPTACIÓN ILÍCITA;Femenino;2020;3.495
ES2;Noreste;1;ACCESO  E INTERCEPTACIÓN ILÍCITA;Femenino;2021;7.136
ES2;Noreste;1;ACCESO  E INTERCEPTACIÓN ILÍCITA;Femenino;2022;5.334
ES2;Noreste;2;AMENAZAS Y COACCIONES;Masculino;2017;6.941
ES2;Noreste;2;AMENAZAS Y COACCIONES;Masculino;2018;8.315
ES2;Noreste;2;AMENAZAS Y COACCIONES;Masculino;2019;7.466
ES2;Noreste;2;AMENAZAS Y COACCIONES;Masculino;2020;9.422
ES2;Noreste;2;AMENAZAS Y COACCIONES;Masculino;2021;20.99
ES2;Noreste;2;AMENAZAS Y COACCIONES;Masculino;2022;21.535
ES2;Noreste;2;AMENAZAS Y COACCIONES;Femenino;2017;6.447
ES2;Noreste;2;AMENAZAS Y COACCIONES;Femenino;2018;6.679
ES2;Noreste;2;AMENAZAS Y COACCIONES;Femenino;2019;6.307
ES2;Noreste;2;AMENAZAS Y COACCIONES;Femenino;2020;6.702
ES2;Noreste;2;AMENAZAS Y COACCIONES;Femenino;2021;14.383
ES2;Noreste;2;AMENAZAS Y COACCIONES;Femenino;2022;16.002
ES2;Noreste;3;CONTRA EL HONOR;Masculino;2017;0.921
ES2;Noreste;3;CONTRA EL HONOR;Masculino;2018;1.21
ES2;Noreste;3;CONTRA EL HONOR;Masculino;2019;0.468
ES2;Noreste;3;CONTRA EL HONOR;Masculino;2020;0.995
ES2;Noreste;3;CONTRA EL HONOR;Masculino;2021;1.038
ES2;Noreste;3;CONTRA EL HONOR;Masculino;2022;0.487
ES2;Noreste;3;CONTRA EL HONOR;Femenino;2017;1.101
ES2;Noreste;3;CONTRA EL HONOR;Femenino;2018;0.874
ES2;Noreste;3;CONTRA EL HONOR;Femenino;2019;0.669
ES2;Noreste;3;CONTRA EL HONOR;Femenino;2020;1.062
ES2;Noreste;3;CONTRA EL HONOR;Femenino;2021;1.083
ES2;Noreste;3;CONTRA EL HONOR;Femenino;2022;0.708
ES2;Noreste;4;CONTRA LA PROPIEDAD INDUSTRIAL/INTELECTUAL;Masculino;2017;0.022
ES2;Noreste;4;CONTRA LA PROPIEDAD INDUSTRIAL/INTELECTUAL;Masculino;2018;0
ES2;Noreste;4;CONTRA LA PROPIEDAD INDUSTRIAL/INTELECTUAL;Masculino;2019;0
ES2;Noreste;4;CONTRA LA PROPIEDAD INDUSTRIAL/INTELECTUAL;Masculino;2020;0.066
ES2;Noreste;4;CONTRA LA PROPIEDAD INDUSTRIAL/INTELECTUAL;Masculino;2021;0.066
ES2;Noreste;4;CONTRA LA PROPIEDAD INDUSTRIAL/INTELECTUAL;Masculino;2022;0.044
ES2;Noreste;4;CONTRA LA PROPIEDAD INDUSTRIAL/INTELECTUAL;Femenino;2017;0
ES2;Noreste;4;CONTRA LA PROPIEDAD INDUSTRIAL/INTELECTUAL;Femenino;2018;0
ES2;Noreste;4;CONTRA LA PROPIEDAD INDUSTRIAL/INTELECTUAL;Femenino;2019;0.067
ES2;Noreste;4;CONTRA LA PROPIEDAD INDUSTRIAL/INTELECTUAL;Femenino;2020;0.022
ES2;Noreste;4;CONTRA LA PROPIEDAD INDUSTRIAL/INTELECTUAL;Femenino;2021;0.022
ES2;Noreste;4;CONTRA LA PROPIEDAD INDUSTRIAL/INTELECTUAL;Femenino;2022;0.022
ES2;Noreste;5;DELITOS SEXUALES;Masculino;2017;0.517
ES2;Noreste;5;DELITOS SEXUALES;Masculino;2018;0.247
ES2;Noreste;5;DELITOS SEXUALES;Masculino;2019;0.468
ES2;Noreste;5;DELITOS SEXUALES;Masculino;2020;1.769
ES2;Noreste;5;DELITOS SEXUALES;Masculino;2021;0.928
ES2;Noreste;5;DELITOS SEXUALES;Masculino;2022;0.421
ES2;Noreste;5;DELITOS SEXUALES;Femenino;2017;1.078
ES2;Noreste;5;DELITOS SEXUALES;Femenino;2018;0.784
ES2;Noreste;5;DELITOS SEXUALES;Femenino;2019;1.538
ES2;Noreste;5;DELITOS SEXUALES;Femenino;2020;2.013
ES2;Noreste;5;DELITOS SEXUALES;Femenino;2021;1.569
ES2;Noreste;5;DELITOS SEXUALES;Femenino;2022;1.992
ES2;Noreste;6;FALSIFICACIÓN INFORMÁTICA;Masculino;2017;0.764
ES2;Noreste;6;FALSIFICACIÓN INFORMÁTICA;Masculino;2018;1.883
ES2;Noreste;6;FALSIFICACIÓN INFORMÁTICA;Masculino;2019;1.694
ES2;Noreste;6;FALSIFICACIÓN INFORMÁTICA;Masculino;2020;3.981
ES2;Noreste;6;FALSIFICACIÓN INFORMÁTICA;Masculino;2021;12.837
ES2;Noreste;6;FALSIFICACIÓN INFORMÁTICA;Masculino;2022;13.767
ES2;Noreste;6;FALSIFICACIÓN INFORMÁTICA;Femenino;2017;0.719
ES2;Noreste;6;FALSIFICACIÓN INFORMÁTICA;Femenino;2018;1.322
ES2;Noreste;6;FALSIFICACIÓN INFORMÁTICA;Femenino;2019;1.471
ES2;Noreste;6;FALSIFICACIÓN INFORMÁTICA;Femenino;2020;3.34
ES2;Noreste;6;FALSIFICACIÓN INFORMÁTICA;Femenino;2021;13.146
ES2;Noreste;6;FALSIFICACIÓN INFORMÁTICA;Femenino;2022;13.302
ES2;Noreste;7;FRAUDE INFORMÁTICO;Masculino;2017;36.324
ES2;Noreste;7;FRAUDE INFORMÁTICO;Masculino;2018;53.609
ES2;Noreste;7;FRAUDE INFORMÁTICO;Masculino;2019;75.377
ES2;Noreste;7;FRAUDE INFORMÁTICO;Masculino;2020;116.1
ES2;Noreste;7;FRAUDE INFORMÁTICO;Masculino;2021;281.151
ES2;Noreste;7;FRAUDE INFORMÁTICO;Masculino;2022;331.262
ES2;Noreste;7;FRAUDE INFORMÁTICO;Femenino;2017;28.552
ES2;Noreste;7;FRAUDE INFORMÁTICO;Femenino;2018;46.549
ES2;Noreste;7;FRAUDE INFORMÁTICO;Femenino;2019;68.802
ES2;Noreste;7;FRAUDE INFORMÁTICO;Femenino;2020;109.309
ES2;Noreste;7;FRAUDE INFORMÁTICO;Femenino;2021;258.106
ES2;Noreste;7;FRAUDE INFORMÁTICO;Femenino;2022;328.783
ES2;Noreste;8;INTERFERENCIA EN LOS DATOS Y EN EL SISTEMA;Masculino;2017;0.988
ES2;Noreste;8;INTERFERENCIA EN LOS DATOS Y EN EL SISTEMA;Masculino;2018;0.852
ES2;Noreste;8;INTERFERENCIA EN LOS DATOS Y EN EL SISTEMA;Masculino;2019;1.181
ES2;Noreste;8;INTERFERENCIA EN LOS DATOS Y EN EL SISTEMA;Masculino;2020;0.597
ES2;Noreste;8;INTERFERENCIA EN LOS DATOS Y EN EL SISTEMA;Masculino;2021;2.011
ES2;Noreste;8;INTERFERENCIA EN LOS DATOS Y EN EL SISTEMA;Masculino;2022;0.73
ES2;Noreste;8;INTERFERENCIA EN LOS DATOS Y EN EL SISTEMA;Femenino;2017;0.562
ES2;Noreste;8;INTERFERENCIA EN LOS DATOS Y EN EL SISTEMA;Femenino;2018;0.493
ES2;Noreste;8;INTERFERENCIA EN LOS DATOS Y EN EL SISTEMA;Femenino;2019;0.758
ES2;Noreste;8;INTERFERENCIA EN LOS DATOS Y EN EL SISTEMA;Femenino;2020;0.641
ES2;Noreste;8;INTERFERENCIA EN LOS DATOS Y EN EL SISTEMA;Femenino;2021;1.701
ES2;Noreste;8;INTERFERENCIA EN LOS DATOS Y EN EL SISTEMA;Femenino;2022;0.863
ES5;Este;1;ACCESO  E INTERCEPTACIÓN ILÍCITA;Masculino;2017;3.298
ES5;Este;1;ACCESO  E INTERCEPTACIÓN ILÍCITA;Masculino;2018;3.189
ES5;Este;1;ACCESO  E INTERCEPTACIÓN ILÍCITA;Masculino;2019;3.151
ES5;Este;1;ACCESO  E INTERCEPTACIÓN ILÍCITA;Masculino;2020;3.105
ES5;Este;1;ACCESO  E INTERCEPTACIÓN ILÍCITA;Masculino;2021;3.257
ES5;Este;1;ACCESO  E INTERCEPTACIÓN ILÍCITA;Masculino;2022;4.275
ES5;Este;1;ACCESO  E INTERCEPTACIÓN ILÍCITA;Femenino;2017;3.601
ES5;Este;1;ACCESO  E INTERCEPTACIÓN ILÍCITA;Femenino;2018;3.981
ES5;Este;1;ACCESO  E INTERCEPTACIÓN ILÍCITA;Femenino;2019;3.696
ES5;Este;1;ACCESO  E INTERCEPTACIÓN ILÍCITA;Femenino;2020;3.923
ES5;Este;1;ACCESO  E INTERCEPTACIÓN ILÍCITA;Femenino;2021;5.3
ES5;Este;1;ACCESO  E INTERCEPTACIÓN ILÍCITA;Femenino;2022;6.431
ES5;Este;2;AMENAZAS Y COACCIONES;Masculino;2017;10.463
ES5;Este;2;AMENAZAS Y COACCIONES;Masculino;2018;11.467
ES5;Este;2;AMENAZAS Y COACCIONES;Masculino;2019;10.086
ES5;Este;2;AMENAZAS Y COACCIONES;Masculino;2020;11.403
ES5;Este;2;AMENAZAS Y COACCIONES;Masculino;2021;16.156
ES5;Este;2;AMENAZAS Y COACCIONES;Masculino;2022;15.288
ES5;Este;2;AMENAZAS Y COACCIONES;Femenino;2017;8.751
ES5;Este;2;AMENAZAS Y COACCIONES;Femenino;2018;9.399
ES5;Este;2;AMENAZAS Y COACCIONES;Femenino;2019;9.447
ES5;Este;2;AMENAZAS Y COACCIONES;Femenino;2020;8.57
ES5;Este;2;AMENAZAS Y COACCIONES;Femenino;2021;9.463
ES5;Este;2;AMENAZAS Y COACCIONES;Femenino;2022;8.665
ES5;Este;3;CONTRA EL HONOR;Masculino;2017;0.952
ES5;Este;3;CONTRA EL HONOR;Masculino;2018;0.865
ES5;Este;3;CONTRA EL HONOR;Masculino;2019;1.024
ES5;Este;3;CONTRA EL HONOR;Masculino;2020;1.054
ES5;Este;3;CONTRA EL HONOR;Masculino;2021;0.786
ES5;Este;3;CONTRA EL HONOR;Masculino;2022;0.569
ES5;Este;3;CONTRA EL HONOR;Femenino;2017;1.291
ES5;Este;3;CONTRA EL HONOR;Femenino;2018;1.202
ES5;Este;3;CONTRA EL HONOR;Femenino;2019;1.176
ES5;Este;3;CONTRA EL HONOR;Femenino;2020;0.947
ES5;Este;3;CONTRA EL HONOR;Femenino;2021;1.078
ES5;Este;3;CONTRA EL HONOR;Femenino;2022;0.768
ES5;Este;4;CONTRA LA PROPIEDAD INDUSTRIAL/INTELECTUAL;Masculino;2017;0.074
ES5;Este;4;CONTRA LA PROPIEDAD INDUSTRIAL/INTELECTUAL;Masculino;2018;0.051
ES5;Este;4;CONTRA LA PROPIEDAD INDUSTRIAL/INTELECTUAL;Masculino;2019;0.109
ES5;Este;4;CONTRA LA PROPIEDAD INDUSTRIAL/INTELECTUAL;Masculino;2020;0.029
ES5;Este;4;CONTRA LA PROPIEDAD INDUSTRIAL/INTELECTUAL;Masculino;2021;0.057
ES5;Este;4;CONTRA LA PROPIEDAD INDUSTRIAL/INTELECTUAL;Masculino;2022;0.071
ES5;Este;4;CONTRA LA PROPIEDAD INDUSTRIAL/INTELECTUAL;Femenino;2017;0.015
ES5;Este;4;CONTRA LA PROPIEDAD INDUSTRIAL/INTELECTUAL;Femenino;2018;0.044
ES5;Este;4;CONTRA LA PROPIEDAD INDUSTRIAL/INTELECTUAL;Femenino;2019;0.036
ES5;Este;4;CONTRA LA PROPIEDAD INDUSTRIAL/INTELECTUAL;Femenino;2020;0.065
ES5;Este;4;CONTRA LA PROPIEDAD INDUSTRIAL/INTELECTUAL;Femenino;2021;0.05
ES5;Este;4;CONTRA LA PROPIEDAD INDUSTRIAL/INTELECTUAL;Femenino;2022;0.043
ES5;Este;5;DELITOS SEXUALES;Masculino;2017;0.767
ES5;Este;5;DELITOS SEXUALES;Masculino;2018;0.763
ES5;Este;5;DELITOS SEXUALES;Masculino;2019;0.741
ES5;Este;5;DELITOS SEXUALES;Masculino;2020;0.524
ES5;Este;5;DELITOS SEXUALES;Masculino;2021;0.629
ES5;Este;5;DELITOS SEXUALES;Masculino;2022;0.47
ES5;Este;5;DELITOS SEXUALES;Femenino;2017;1.49
ES5;Este;5;DELITOS SEXUALES;Femenino;2018;1.635
ES5;Este;5;DELITOS SEXUALES;Femenino;2019;1.51
ES5;Este;5;DELITOS SEXUALES;Femenino;2020;1.406
ES5;Este;5;DELITOS SEXUALES;Femenino;2021;1.45
ES5;Este;5;DELITOS SEXUALES;Femenino;2022;1.231
ES5;Este;6;FALSIFICACIÓN INFORMÁTICA;Masculino;2017;1.911
ES5;Este;6;FALSIFICACIÓN INFORMÁTICA;Masculino;2018;1.679
ES5;Este;6;FALSIFICACIÓN INFORMÁTICA;Masculino;2019;2.12
ES5;Este;6;FALSIFICACIÓN INFORMÁTICA;Masculino;2020;3.22
ES5;Este;6;FALSIFICACIÓN INFORMÁTICA;Masculino;2021;6.299
ES5;Este;6;FALSIFICACIÓN INFORMÁTICA;Masculino;2022;8.181
ES5;Este;6;FALSIFICACIÓN INFORMÁTICA;Femenino;2017;1.727
ES5;Este;6;FALSIFICACIÓN INFORMÁTICA;Femenino;2018;1.855
ES5;Este;6;FALSIFICACIÓN INFORMÁTICA;Femenino;2019;2.411
ES5;Este;6;FALSIFICACIÓN INFORMÁTICA;Femenino;2020;3.328
ES5;Este;6;FALSIFICACIÓN INFORMÁTICA;Femenino;2021;6.678
ES5;Este;6;FALSIFICACIÓN INFORMÁTICA;Femenino;2022;7.832
ES5;Este;7;FRAUDE INFORMÁTICO;Masculino;2017;132.25
ES5;Este;7;FRAUDE INFORMÁTICO;Masculino;2018;176.821
ES5;Este;7;FRAUDE INFORMÁTICO;Masculino;2019;191.165
ES5;Este;7;FRAUDE INFORMÁTICO;Masculino;2020;233.598
ES5;Este;7;FRAUDE INFORMÁTICO;Masculino;2021;226.587
ES5;Este;7;FRAUDE INFORMÁTICO;Masculino;2022;296.657
ES5;Este;7;FRAUDE INFORMÁTICO;Femenino;2017;109.665
ES5;Este;7;FRAUDE INFORMÁTICO;Femenino;2018;164.343
ES5;Este;7;FRAUDE INFORMÁTICO;Femenino;2019;171.458
ES5;Este;7;FRAUDE INFORMÁTICO;Femenino;2020;213.481
ES5;Este;7;FRAUDE INFORMÁTICO;Femenino;2021;207.732
ES5;Este;7;FRAUDE INFORMÁTICO;Femenino;2022;300.954
ES5;Este;8;INTERFERENCIA EN LOS DATOS Y EN EL SISTEMA;Masculino;2017;1.513
ES5;Este;8;INTERFERENCIA EN LOS DATOS Y EN EL SISTEMA;Masculino;2018;1.378
ES5;Este;8;INTERFERENCIA EN LOS DATOS Y EN EL SISTEMA;Masculino;2019;1.394
ES5;Este;8;INTERFERENCIA EN LOS DATOS Y EN EL SISTEMA;Masculino;2020;1.463
ES5;Este;8;INTERFERENCIA EN LOS DATOS Y EN EL SISTEMA;Masculino;2021;1.471
ES5;Este;8;INTERFERENCIA EN LOS DATOS Y EN EL SISTEMA;Masculino;2022;1.295
ES5;Este;8;INTERFERENCIA EN LOS DATOS Y EN EL SISTEMA;Femenino;2017;0.959
ES5;Este;8;INTERFERENCIA EN LOS DATOS Y EN EL SISTEMA;Femenino;2018;0.711
ES5;Este;8;INTERFERENCIA EN LOS DATOS Y EN EL SISTEMA;Femenino;2019;0.988
ES5;Este;8;INTERFERENCIA EN LOS DATOS Y EN EL SISTEMA;Femenino;2020;1.069
ES5;Este;8;INTERFERENCIA EN LOS DATOS Y EN EL SISTEMA;Femenino;2021;1.421
ES5;Este;8;INTERFERENCIA EN LOS DATOS Y EN EL SISTEMA;Femenino;2022;1.053
ES7;Canarias;1;ACCESO  E INTERCEPTACIÓN ILÍCITA;Masculino;2017;1.749
ES7;Canarias;1;ACCESO  E INTERCEPTACIÓN ILÍCITA;Masculino;2018;2.393
ES7;Canarias;1;ACCESO  E INTERCEPTACIÓN ILÍCITA;Masculino;2019;2.926
ES7;Canarias;1;ACCESO  E INTERCEPTACIÓN ILÍCITA;Masculino;2020;3.125
ES7;Canarias;1;ACCESO  E INTERCEPTACIÓN ILÍCITA;Masculino;2021;2.937
ES7;Canarias;1;ACCESO  E INTERCEPTACIÓN ILÍCITA;Masculino;2022;3.798
ES7;Canarias;1;ACCESO  E INTERCEPTACIÓN ILÍCITA;Femenino;2017;3.498
ES7;Canarias;1;ACCESO  E INTERCEPTACIÓN ILÍCITA;Femenino;2018;4.128
ES7;Canarias;1;ACCESO  E INTERCEPTACIÓN ILÍCITA;Femenino;2019;7.802
ES7;Canarias;1;ACCESO  E INTERCEPTACIÓN ILÍCITA;Femenino;2020;5.055
ES7;Canarias;1;ACCESO  E INTERCEPTACIÓN ILÍCITA;Femenino;2021;6.012
ES7;Canarias;1;ACCESO  E INTERCEPTACIÓN ILÍCITA;Femenino;2022;6.772
ES7;Canarias;2;AMENAZAS Y COACCIONES;Masculino;2017;18.296
ES7;Canarias;2;AMENAZAS Y COACCIONES;Masculino;2018;19.798
ES7;Canarias;2;AMENAZAS Y COACCIONES;Masculino;2019;20.434
ES7;Canarias;2;AMENAZAS Y COACCIONES;Masculino;2020;27.111
ES7;Canarias;2;AMENAZAS Y COACCIONES;Masculino;2021;27.812
ES7;Canarias;2;AMENAZAS Y COACCIONES;Masculino;2022;25.393
ES7;Canarias;2;AMENAZAS Y COACCIONES;Femenino;2017;18.816
ES7;Canarias;2;AMENAZAS Y COACCIONES;Femenino;2018;21.956
ES7;Canarias;2;AMENAZAS Y COACCIONES;Femenino;2019;21.316
ES7;Canarias;2;AMENAZAS Y COACCIONES;Femenino;2020;21.919
ES7;Canarias;2;AMENAZAS Y COACCIONES;Femenino;2021;23.911
ES7;Canarias;2;AMENAZAS Y COACCIONES;Femenino;2022;23.563
ES7;Canarias;3;CONTRA EL HONOR;Masculino;2017;1.655
ES7;Canarias;3;CONTRA EL HONOR;Masculino;2018;1.877
ES7;Canarias;3;CONTRA EL HONOR;Masculino;2019;2.09
ES7;Canarias;3;CONTRA EL HONOR;Masculino;2020;2.711
ES7;Canarias;3;CONTRA EL HONOR;Masculino;2021;2.157
ES7;Canarias;3;CONTRA EL HONOR;Masculino;2022;1.739
ES7;Canarias;3;CONTRA EL HONOR;Femenino;2017;2.695
ES7;Canarias;3;CONTRA EL HONOR;Femenino;2018;1.548
ES7;Canarias;3;CONTRA EL HONOR;Femenino;2019;2.368
ES7;Canarias;3;CONTRA EL HONOR;Femenino;2020;2.803
ES7;Canarias;3;CONTRA EL HONOR;Femenino;2021;2.386
ES7;Canarias;3;CONTRA EL HONOR;Femenino;2022;1.601
ES7;Canarias;4;CONTRA LA PROPIEDAD INDUSTRIAL/INTELECTUAL;Masculino;2017;0.142
ES7;Canarias;4;CONTRA LA PROPIEDAD INDUSTRIAL/INTELECTUAL;Masculino;2018;0.141
ES7;Canarias;4;CONTRA LA PROPIEDAD INDUSTRIAL/INTELECTUAL;Masculino;2019;0
ES7;Canarias;4;CONTRA LA PROPIEDAD INDUSTRIAL/INTELECTUAL;Masculino;2020;0.138
ES7;Canarias;4;CONTRA LA PROPIEDAD INDUSTRIAL/INTELECTUAL;Masculino;2021;0.138
ES7;Canarias;4;CONTRA LA PROPIEDAD INDUSTRIAL/INTELECTUAL;Masculino;2022;0.046
ES7;Canarias;4;CONTRA LA PROPIEDAD INDUSTRIAL/INTELECTUAL;Femenino;2017;0.189
ES7;Canarias;4;CONTRA LA PROPIEDAD INDUSTRIAL/INTELECTUAL;Femenino;2018;0
ES7;Canarias;4;CONTRA LA PROPIEDAD INDUSTRIAL/INTELECTUAL;Femenino;2019;0
ES7;Canarias;4;CONTRA LA PROPIEDAD INDUSTRIAL/INTELECTUAL;Femenino;2020;0
ES7;Canarias;4;CONTRA LA PROPIEDAD INDUSTRIAL/INTELECTUAL;Femenino;2021;0
ES7;Canarias;4;CONTRA LA PROPIEDAD INDUSTRIAL/INTELECTUAL;Femenino;2022;0
ES7;Canarias;5;DELITOS SEXUALES;Masculino;2017;1.087
ES7;Canarias;5;DELITOS SEXUALES;Masculino;2018;0.985
ES7;Canarias;5;DELITOS SEXUALES;Masculino;2019;1.44
ES7;Canarias;5;DELITOS SEXUALES;Masculino;2020;2.298
ES7;Canarias;5;DELITOS SEXUALES;Masculino;2021;0.688
ES7;Canarias;5;DELITOS SEXUALES;Masculino;2022;0.869
ES7;Canarias;5;DELITOS SEXUALES;Femenino;2017;1.986
ES7;Canarias;5;DELITOS SEXUALES;Femenino;2018;5.254
ES7;Canarias;5;DELITOS SEXUALES;Femenino;2019;2.601
ES7;Canarias;5;DELITOS SEXUALES;Femenino;2020;2.481
ES7;Canarias;5;DELITOS SEXUALES;Femenino;2021;1.882
ES7;Canarias;5;DELITOS SEXUALES;Femenino;2022;2.379
ES7;Canarias;6;FALSIFICACIÓN INFORMÁTICA;Masculino;2017;2.506
ES7;Canarias;6;FALSIFICACIÓN INFORMÁTICA;Masculino;2018;2.768
ES7;Canarias;6;FALSIFICACIÓN INFORMÁTICA;Masculino;2019;3.669
ES7;Canarias;6;FALSIFICACIÓN INFORMÁTICA;Masculino;2020;4.457
ES7;Canarias;6;FALSIFICACIÓN INFORMÁTICA;Masculino;2021;6.701
ES7;Canarias;6;FALSIFICACIÓN INFORMÁTICA;Masculino;2022;7.458
ES7;Canarias;6;FALSIFICACIÓN INFORMÁTICA;Femenino;2017;3.026
ES7;Canarias;6;FALSIFICACIÓN INFORMÁTICA;Femenino;2018;3.612
ES7;Canarias;6;FALSIFICACIÓN INFORMÁTICA;Femenino;2019;4.969
ES7;Canarias;6;FALSIFICACIÓN INFORMÁTICA;Femenino;2020;6.571
ES7;Canarias;6;FALSIFICACIÓN INFORMÁTICA;Femenino;2021;8.49
ES7;Canarias;6;FALSIFICACIÓN INFORMÁTICA;Femenino;2022;9.929
ES7;Canarias;7;FRAUDE INFORMÁTICO;Masculino;2017;47.276
ES7;Canarias;7;FRAUDE INFORMÁTICO;Masculino;2018;60.284
ES7;Canarias;7;FRAUDE INFORMÁTICO;Masculino;2019;154.645
ES7;Canarias;7;FRAUDE INFORMÁTICO;Masculino;2020;241.885
ES7;Canarias;7;FRAUDE INFORMÁTICO;Masculino;2021;158.473
ES7;Canarias;7;FRAUDE INFORMÁTICO;Masculino;2022;196.787
ES7;Canarias;7;FRAUDE INFORMÁTICO;Femenino;2017;34.748
ES7;Canarias;7;FRAUDE INFORMÁTICO;Femenino;2018;52.309
ES7;Canarias;7;FRAUDE INFORMÁTICO;Femenino;2019;135.419
ES7;Canarias;7;FRAUDE INFORMÁTICO;Femenino;2020;247.767
ES7;Canarias;7;FRAUDE INFORMÁTICO;Femenino;2021;156.362
ES7;Canarias;7;FRAUDE INFORMÁTICO;Femenino;2022;208.455
ES7;Canarias;8;INTERFERENCIA EN LOS DATOS Y EN EL SISTEMA;Masculino;2017;1.229
ES7;Canarias;8;INTERFERENCIA EN LOS DATOS Y EN EL SISTEMA;Masculino;2018;0.938
ES7;Canarias;8;INTERFERENCIA EN LOS DATOS Y EN EL SISTEMA;Masculino;2019;1.44
ES7;Canarias;8;INTERFERENCIA EN LOS DATOS Y EN EL SISTEMA;Masculino;2020;1.149
ES7;Canarias;8;INTERFERENCIA EN LOS DATOS Y EN EL SISTEMA;Masculino;2021;0.826
ES7;Canarias;8;INTERFERENCIA EN LOS DATOS Y EN EL SISTEMA;Masculino;2022;1.144
ES7;Canarias;8;INTERFERENCIA EN LOS DATOS Y EN EL SISTEMA;Femenino;2017;0.756
ES7;Canarias;8;INTERFERENCIA EN LOS DATOS Y EN EL SISTEMA;Femenino;2018;0.844
ES7;Canarias;8;INTERFERENCIA EN LOS DATOS Y EN EL SISTEMA;Femenino;2019;0.975
ES7;Canarias;8;INTERFERENCIA EN LOS DATOS Y EN EL SISTEMA;Femenino;2020;0.873
ES7;Canarias;8;INTERFERENCIA EN LOS DATOS Y EN EL SISTEMA;Femenino;2021;1.147
ES7;Canarias;8;INTERFERENCIA EN LOS DATOS Y EN EL SISTEMA;Femenino;2022;1.052
ES1;Noroeste;1;ACCESO  E INTERCEPTACIÓN ILÍCITA;Masculino;2017;2.151
ES1;Noroeste;1;ACCESO  E INTERCEPTACIÓN ILÍCITA;Masculino;2018;1.67
ES1;Noroeste;1;ACCESO  E INTERCEPTACIÓN ILÍCITA;Masculino;2019;2.904
ES1;Noroeste;1;ACCESO  E INTERCEPTACIÓN ILÍCITA;Masculino;2020;3.369
ES1;Noroeste;1;ACCESO  E INTERCEPTACIÓN ILÍCITA;Masculino;2021;3.702
ES1;Noroeste;1;ACCESO  E INTERCEPTACIÓN ILÍCITA;Masculino;2022;4.062
ES1;Noroeste;1;ACCESO  E INTERCEPTACIÓN ILÍCITA;Femenino;2017;3.192
ES1;Noroeste;1;ACCESO  E INTERCEPTACIÓN ILÍCITA;Femenino;2018;3.363
ES1;Noroeste;1;ACCESO  E INTERCEPTACIÓN ILÍCITA;Femenino;2019;4.903
ES1;Noroeste;1;ACCESO  E INTERCEPTACIÓN ILÍCITA;Femenino;2020;5.972
ES1;Noroeste;1;ACCESO  E INTERCEPTACIÓN ILÍCITA;Femenino;2021;6.077
ES1;Noroeste;1;ACCESO  E INTERCEPTACIÓN ILÍCITA;Femenino;2022;6.864
ES1;Noroeste;2;AMENAZAS Y COACCIONES;Masculino;2017;15.819
ES1;Noroeste;2;AMENAZAS Y COACCIONES;Masculino;2018;15.98
ES1;Noroeste;2;AMENAZAS Y COACCIONES;Masculino;2019;15.963
ES1;Noroeste;2;AMENAZAS Y COACCIONES;Masculino;2020;18.054
ES1;Noroeste;2;AMENAZAS Y COACCIONES;Masculino;2021;26.589
ES1;Noroeste;2;AMENAZAS Y COACCIONES;Masculino;2022;24.608
ES1;Noroeste;2;AMENAZAS Y COACCIONES;Femenino;2017;15.958
ES1;Noroeste;2;AMENAZAS Y COACCIONES;Femenino;2018;16.096
ES1;Noroeste;2;AMENAZAS Y COACCIONES;Femenino;2019;14.778
ES1;Noroeste;2;AMENAZAS Y COACCIONES;Femenino;2020;17.078
ES1;Noroeste;2;AMENAZAS Y COACCIONES;Femenino;2021;18.929
ES1;Noroeste;2;AMENAZAS Y COACCIONES;Femenino;2022;17.067
ES1;Noroeste;3;CONTRA EL HONOR;Masculino;2017;2.197
ES1;Noroeste;3;CONTRA EL HONOR;Masculino;2018;2.389
ES1;Noroeste;3;CONTRA EL HONOR;Masculino;2019;2.068
ES1;Noroeste;3;CONTRA EL HONOR;Masculino;2020;3.09
ES1;Noroeste;3;CONTRA EL HONOR;Masculino;2021;2.584
ES1;Noroeste;3;CONTRA EL HONOR;Masculino;2022;2.568
ES1;Noroeste;3;CONTRA EL HONOR;Femenino;2017;2.498
ES1;Noroeste;3;CONTRA EL HONOR;Femenino;2018;2.945
ES1;Noroeste;3;CONTRA EL HONOR;Femenino;2019;2.138
ES1;Noroeste;3;CONTRA EL HONOR;Femenino;2020;2.138
ES1;Noroeste;3;CONTRA EL HONOR;Femenino;2021;2.282
ES1;Noroeste;3;CONTRA EL HONOR;Femenino;2022;2.428
ES1;Noroeste;4;CONTRA LA PROPIEDAD INDUSTRIAL/INTELECTUAL;Masculino;2017;0
ES1;Noroeste;4;CONTRA LA PROPIEDAD INDUSTRIAL/INTELECTUAL;Masculino;2018;0.023
ES1;Noroeste;4;CONTRA LA PROPIEDAD INDUSTRIAL/INTELECTUAL;Masculino;2019;0.046
ES1;Noroeste;4;CONTRA LA PROPIEDAD INDUSTRIAL/INTELECTUAL;Masculino;2020;0.116
ES1;Noroeste;4;CONTRA LA PROPIEDAD INDUSTRIAL/INTELECTUAL;Masculino;2021;0.116
ES1;Noroeste;4;CONTRA LA PROPIEDAD INDUSTRIAL/INTELECTUAL;Masculino;2022;0.047
ES1;Noroeste;4;CONTRA LA PROPIEDAD INDUSTRIAL/INTELECTUAL;Femenino;2017;0.023
ES1;Noroeste;4;CONTRA LA PROPIEDAD INDUSTRIAL/INTELECTUAL;Femenino;2018;0.023
ES1;Noroeste;4;CONTRA LA PROPIEDAD INDUSTRIAL/INTELECTUAL;Femenino;2019;0.07
ES1;Noroeste;4;CONTRA LA PROPIEDAD INDUSTRIAL/INTELECTUAL;Femenino;2020;0.023
ES1;Noroeste;4;CONTRA LA PROPIEDAD INDUSTRIAL/INTELECTUAL;Femenino;2021;0.07
ES1;Noroeste;4;CONTRA LA PROPIEDAD INDUSTRIAL/INTELECTUAL;Femenino;2022;0.047
ES1;Noroeste;5;DELITOS SEXUALES;Masculino;2017;0.393
ES1;Noroeste;5;DELITOS SEXUALES;Masculino;2018;0.417
ES1;Noroeste;5;DELITOS SEXUALES;Masculino;2019;0.418
ES1;Noroeste;5;DELITOS SEXUALES;Masculino;2020;0.744
ES1;Noroeste;5;DELITOS SEXUALES;Masculino;2021;0.512
ES1;Noroeste;5;DELITOS SEXUALES;Masculino;2022;0.654
ES1;Noroeste;5;DELITOS SEXUALES;Femenino;2017;1.156
ES1;Noroeste;5;DELITOS SEXUALES;Femenino;2018;1.322
ES1;Noroeste;5;DELITOS SEXUALES;Femenino;2019;1.534
ES1;Noroeste;5;DELITOS SEXUALES;Femenino;2020;1.673
ES1;Noroeste;5;DELITOS SEXUALES;Femenino;2021;1.583
ES1;Noroeste;5;DELITOS SEXUALES;Femenino;2022;1.471
ES1;Noroeste;6;FALSIFICACIÓN INFORMÁTICA;Masculino;2017;1.758
ES1;Noroeste;6;FALSIFICACIÓN INFORMÁTICA;Masculino;2018;1.763
ES1;Noroeste;6;FALSIFICACIÓN INFORMÁTICA;Masculino;2019;2.788
ES1;Noroeste;6;FALSIFICACIÓN INFORMÁTICA;Masculino;2020;4.438
ES1;Noroeste;6;FALSIFICACIÓN INFORMÁTICA;Masculino;2021;6.822
ES1;Noroeste;6;FALSIFICACIÓN INFORMÁTICA;Masculino;2022;9.712
ES1;Noroeste;6;FALSIFICACIÓN INFORMÁTICA;Femenino;2017;2.22
ES1;Noroeste;6;FALSIFICACIÓN INFORMÁTICA;Femenino;2018;2.041
ES1;Noroeste;6;FALSIFICACIÓN INFORMÁTICA;Femenino;2019;2.719
ES1;Noroeste;6;FALSIFICACIÓN INFORMÁTICA;Femenino;2020;4.554
ES1;Noroeste;6;FALSIFICACIÓN INFORMÁTICA;Femenino;2021;7.101
ES1;Noroeste;6;FALSIFICACIÓN INFORMÁTICA;Femenino;2022;10.156
ES1;Noroeste;7;FRAUDE INFORMÁTICO;Masculino;2017;75.048
ES1;Noroeste;7;FRAUDE INFORMÁTICO;Masculino;2018;108.566
ES1;Noroeste;7;FRAUDE INFORMÁTICO;Masculino;2019;164.371
ES1;Noroeste;7;FRAUDE INFORMÁTICO;Masculino;2020;203.594
ES1;Noroeste;7;FRAUDE INFORMÁTICO;Masculino;2021;253.946
ES1;Noroeste;7;FRAUDE INFORMÁTICO;Masculino;2022;262.792
ES1;Noroeste;7;FRAUDE INFORMÁTICO;Femenino;2017;60.871
ES1;Noroeste;7;FRAUDE INFORMÁTICO;Femenino;2018;99.126
ES1;Noroeste;7;FRAUDE INFORMÁTICO;Femenino;2019;149.919
ES1;Noroeste;7;FRAUDE INFORMÁTICO;Femenino;2020;198.737
ES1;Noroeste;7;FRAUDE INFORMÁTICO;Femenino;2021;264.424
ES1;Noroeste;7;FRAUDE INFORMÁTICO;Femenino;2022;281.213
ES1;Noroeste;8;INTERFERENCIA EN LOS DATOS Y EN EL SISTEMA;Masculino;2017;0.971
ES1;Noroeste;8;INTERFERENCIA EN LOS DATOS Y EN EL SISTEMA;Masculino;2018;1.113
ES1;Noroeste;8;INTERFERENCIA EN LOS DATOS Y EN EL SISTEMA;Masculino;2019;1.51
ES1;Noroeste;8;INTERFERENCIA EN LOS DATOS Y EN EL SISTEMA;Masculino;2020;2.207
ES1;Noroeste;8;INTERFERENCIA EN LOS DATOS Y EN EL SISTEMA;Masculino;2021;2.817
ES1;Noroeste;8;INTERFERENCIA EN LOS DATOS Y EN EL SISTEMA;Masculino;2022;1.984
ES1;Noroeste;8;INTERFERENCIA EN LOS DATOS Y EN EL SISTEMA;Femenino;2017;0.624
ES1;Noroeste;8;INTERFERENCIA EN LOS DATOS Y EN EL SISTEMA;Femenino;2018;0.673
ES1;Noroeste;8;INTERFERENCIA EN LOS DATOS Y EN EL SISTEMA;Femenino;2019;0.976
ES1;Noroeste;8;INTERFERENCIA EN LOS DATOS Y EN EL SISTEMA;Femenino;2020;1.929
ES1;Noroeste;8;INTERFERENCIA EN LOS DATOS Y EN EL SISTEMA;Femenino;2021;2.841
ES1;Noroeste;8;INTERFERENCIA EN LOS DATOS Y EN EL SISTEMA;Femenino;2022;1.611
ES4;Centro;1;ACCESO  E INTERCEPTACIÓN ILÍCITA;Masculino;2017;1.44
ES4;Centro;1;ACCESO  E INTERCEPTACIÓN ILÍCITA;Masculino;2018;2.082
ES4;Centro;1;ACCESO  E INTERCEPTACIÓN ILÍCITA;Masculino;2019;2.287
ES4;Centro;1;ACCESO  E INTERCEPTACIÓN ILÍCITA;Masculino;2020;2.34
ES4;Centro;1;ACCESO  E INTERCEPTACIÓN ILÍCITA;Masculino;2021;2.728
ES4;Centro;1;ACCESO  E INTERCEPTACIÓN ILÍCITA;Masculino;2022;3.97
ES4;Centro;1;ACCESO  E INTERCEPTACIÓN ILÍCITA;Femenino;2017;2.521
ES4;Centro;1;ACCESO  E INTERCEPTACIÓN ILÍCITA;Femenino;2018;2.715
ES4;Centro;1;ACCESO  E INTERCEPTACIÓN ILÍCITA;Femenino;2019;3.013
ES4;Centro;1;ACCESO  E INTERCEPTACIÓN ILÍCITA;Femenino;2020;4.046
ES4;Centro;1;ACCESO  E INTERCEPTACIÓN ILÍCITA;Femenino;2021;4.382
ES4;Centro;1;ACCESO  E INTERCEPTACIÓN ILÍCITA;Femenino;2022;4.99
ES4;Centro;2;AMENAZAS Y COACCIONES;Masculino;2017;15.25
ES4;Centro;2;AMENAZAS Y COACCIONES;Masculino;2018;16.763
ES4;Centro;2;AMENAZAS Y COACCIONES;Masculino;2019;17.495
ES4;Centro;2;AMENAZAS Y COACCIONES;Masculino;2020;20.41
ES4;Centro;2;AMENAZAS Y COACCIONES;Masculino;2021;27.221
ES4;Centro;2;AMENAZAS Y COACCIONES;Masculino;2022;25.571
ES4;Centro;2;AMENAZAS Y COACCIONES;Femenino;2017;14.62
ES4;Centro;2;AMENAZAS Y COACCIONES;Femenino;2018;16.455
ES4;Centro;2;AMENAZAS Y COACCIONES;Femenino;2019;15.408
ES4;Centro;2;AMENAZAS Y COACCIONES;Femenino;2020;14.623
ES4;Centro;2;AMENAZAS Y COACCIONES;Femenino;2021;16.838
ES4;Centro;2;AMENAZAS Y COACCIONES;Femenino;2022;16.064
ES4;Centro;3;CONTRA EL HONOR;Masculino;2017;2.953
ES4;Centro;3;CONTRA EL HONOR;Masculino;2018;1.955
ES4;Centro;3;CONTRA EL HONOR;Masculino;2019;2.323
ES4;Centro;3;CONTRA EL HONOR;Masculino;2020;2.758
ES4;Centro;3;CONTRA EL HONOR;Masculino;2021;1.964
ES4;Centro;3;CONTRA EL HONOR;Masculino;2022;1.457
ES4;Centro;3;CONTRA EL HONOR;Femenino;2017;2.863
ES4;Centro;3;CONTRA EL HONOR;Femenino;2018;2.48
ES4;Centro;3;CONTRA EL HONOR;Femenino;2019;2.377
ES4;Centro;3;CONTRA EL HONOR;Femenino;2020;2.322
ES4;Centro;3;CONTRA EL HONOR;Femenino;2021;1.927
ES4;Centro;3;CONTRA EL HONOR;Femenino;2022;1.949
ES4;Centro;4;CONTRA LA PROPIEDAD INDUSTRIAL/INTELECTUAL;Masculino;2017;0.054
ES4;Centro;4;CONTRA LA PROPIEDAD INDUSTRIAL/INTELECTUAL;Masculino;2018;0.29
ES4;Centro;4;CONTRA LA PROPIEDAD INDUSTRIAL/INTELECTUAL;Masculino;2019;0.036
ES4;Centro;4;CONTRA LA PROPIEDAD INDUSTRIAL/INTELECTUAL;Masculino;2020;0.109
ES4;Centro;4;CONTRA LA PROPIEDAD INDUSTRIAL/INTELECTUAL;Masculino;2021;0.091
ES4;Centro;4;CONTRA LA PROPIEDAD INDUSTRIAL/INTELECTUAL;Masculino;2022;0.036
ES4;Centro;4;CONTRA LA PROPIEDAD INDUSTRIAL/INTELECTUAL;Femenino;2017;0.018
ES4;Centro;4;CONTRA LA PROPIEDAD INDUSTRIAL/INTELECTUAL;Femenino;2018;0.036
ES4;Centro;4;CONTRA LA PROPIEDAD INDUSTRIAL/INTELECTUAL;Femenino;2019;0.036
ES4;Centro;4;CONTRA LA PROPIEDAD INDUSTRIAL/INTELECTUAL;Femenino;2020;0.073
ES4;Centro;4;CONTRA LA PROPIEDAD INDUSTRIAL/INTELECTUAL;Femenino;2021;0
ES4;Centro;4;CONTRA LA PROPIEDAD INDUSTRIAL/INTELECTUAL;Femenino;2022;0.036
ES4;Centro;5;DELITOS SEXUALES;Masculino;2017;0.504
ES4;Centro;5;DELITOS SEXUALES;Masculino;2018;0.434
ES4;Centro;5;DELITOS SEXUALES;Masculino;2019;0.853
ES4;Centro;5;DELITOS SEXUALES;Masculino;2020;0.689
ES4;Centro;5;DELITOS SEXUALES;Masculino;2021;0.455
ES4;Centro;5;DELITOS SEXUALES;Masculino;2022;0.583
ES4;Centro;5;DELITOS SEXUALES;Femenino;2017;1.494
ES4;Centro;5;DELITOS SEXUALES;Femenino;2018;1.285
ES4;Centro;5;DELITOS SEXUALES;Femenino;2019;1.833
ES4;Centro;5;DELITOS SEXUALES;Femenino;2020;1.542
ES4;Centro;5;DELITOS SEXUALES;Femenino;2021;1.473
ES4;Centro;5;DELITOS SEXUALES;Femenino;2022;1.767
ES4;Centro;6;FALSIFICACIÓN INFORMÁTICA;Masculino;2017;3.871
ES4;Centro;6;FALSIFICACIÓN INFORMÁTICA;Masculino;2018;4.417
ES4;Centro;6;FALSIFICACIÓN INFORMÁTICA;Masculino;2019;5.408
ES4;Centro;6;FALSIFICACIÓN INFORMÁTICA;Masculino;2020;6.84
ES4;Centro;6;FALSIFICACIÓN INFORMÁTICA;Masculino;2021;10.128
ES4;Centro;6;FALSIFICACIÓN INFORMÁTICA;Masculino;2022;12.913
ES4;Centro;6;FALSIFICACIÓN INFORMÁTICA;Femenino;2017;3.655
ES4;Centro;6;FALSIFICACIÓN INFORMÁTICA;Femenino;2018;4.598
ES4;Centro;6;FALSIFICACIÓN INFORMÁTICA;Femenino;2019;4.682
ES4;Centro;6;FALSIFICACIÓN INFORMÁTICA;Femenino;2020;6.459
ES4;Centro;6;FALSIFICACIÓN INFORMÁTICA;Femenino;2021;10.729
ES4;Centro;6;FALSIFICACIÓN INFORMÁTICA;Femenino;2022;12.057
ES4;Centro;7;FRAUDE INFORMÁTICO;Masculino;2017;64.979
ES4;Centro;7;FRAUDE INFORMÁTICO;Masculino;2018;90.856
ES4;Centro;7;FRAUDE INFORMÁTICO;Masculino;2019;129.377
ES4;Centro;7;FRAUDE INFORMÁTICO;Masculino;2020;176.672
ES4;Centro;7;FRAUDE INFORMÁTICO;Masculino;2021;202.805
ES4;Centro;7;FRAUDE INFORMÁTICO;Masculino;2022;239.005
ES4;Centro;7;FRAUDE INFORMÁTICO;Femenino;2017;45.876
ES4;Centro;7;FRAUDE INFORMÁTICO;Femenino;2018;78.655
ES4;Centro;7;FRAUDE INFORMÁTICO;Femenino;2019;112.154
ES4;Centro;7;FRAUDE INFORMÁTICO;Femenino;2020;157.15
ES4;Centro;7;FRAUDE INFORMÁTICO;Femenino;2021;177.566
ES4;Centro;7;FRAUDE INFORMÁTICO;Femenino;2022;244.67
ES4;Centro;8;INTERFERENCIA EN LOS DATOS Y EN EL SISTEMA;Masculino;2017;1.422
ES4;Centro;8;INTERFERENCIA EN LOS DATOS Y EN EL SISTEMA;Masculino;2018;1.412
ES4;Centro;8;INTERFERENCIA EN LOS DATOS Y EN EL SISTEMA;Masculino;2019;1.379
ES4;Centro;8;INTERFERENCIA EN LOS DATOS Y EN EL SISTEMA;Masculino;2020;1.669
ES4;Centro;8;INTERFERENCIA EN LOS DATOS Y EN EL SISTEMA;Masculino;2021;2.509
ES4;Centro;8;INTERFERENCIA EN LOS DATOS Y EN EL SISTEMA;Masculino;2022;2.222
ES4;Centro;8;INTERFERENCIA EN LOS DATOS Y EN EL SISTEMA;Femenino;2017;0.594
ES4;Centro;8;INTERFERENCIA EN LOS DATOS Y EN EL SISTEMA;Femenino;2018;0.815
ES4;Centro;8;INTERFERENCIA EN LOS DATOS Y EN EL SISTEMA;Femenino;2019;0.835
ES4;Centro;8;INTERFERENCIA EN LOS DATOS Y EN EL SISTEMA;Femenino;2020;0.943
ES4;Centro;8;INTERFERENCIA EN LOS DATOS Y EN EL SISTEMA;Femenino;2021;1.782
ES4;Centro;8;INTERFERENCIA EN LOS DATOS Y EN EL SISTEMA;Femenino;2022;1.676
ES3;Comunidad Madrid;1;ACCESO  E INTERCEPTACIÓN ILÍCITA;Masculino;2017;2.74
ES3;Comunidad Madrid;1;ACCESO  E INTERCEPTACIÓN ILÍCITA;Masculino;2018;3.354
ES3;Comunidad Madrid;1;ACCESO  E INTERCEPTACIÓN ILÍCITA;Masculino;2019;3.762
ES3;Comunidad Madrid;1;ACCESO  E INTERCEPTACIÓN ILÍCITA;Masculino;2020;4.36
ES3;Comunidad Madrid;1;ACCESO  E INTERCEPTACIÓN ILÍCITA;Masculino;2021;4.772
ES3;Comunidad Madrid;1;ACCESO  E INTERCEPTACIÓN ILÍCITA;Masculino;2022;6.006
ES3;Comunidad Madrid;1;ACCESO  E INTERCEPTACIÓN ILÍCITA;Femenino;2017;4.288
ES3;Comunidad Madrid;1;ACCESO  E INTERCEPTACIÓN ILÍCITA;Femenino;2018;5.207
ES3;Comunidad Madrid;1;ACCESO  E INTERCEPTACIÓN ILÍCITA;Femenino;2019;5.727
ES3;Comunidad Madrid;1;ACCESO  E INTERCEPTACIÓN ILÍCITA;Femenino;2020;6.012
ES3;Comunidad Madrid;1;ACCESO  E INTERCEPTACIÓN ILÍCITA;Femenino;2021;6.541
ES3;Comunidad Madrid;1;ACCESO  E INTERCEPTACIÓN ILÍCITA;Femenino;2022;5.769
ES3;Comunidad Madrid;2;AMENAZAS Y COACCIONES;Masculino;2017;15.884
ES3;Comunidad Madrid;2;AMENAZAS Y COACCIONES;Masculino;2018;17.305
ES3;Comunidad Madrid;2;AMENAZAS Y COACCIONES;Masculino;2019;17.558
ES3;Comunidad Madrid;2;AMENAZAS Y COACCIONES;Masculino;2020;18.318
ES3;Comunidad Madrid;2;AMENAZAS Y COACCIONES;Masculino;2021;23.652
ES3;Comunidad Madrid;2;AMENAZAS Y COACCIONES;Masculino;2022;20.85
ES3;Comunidad Madrid;2;AMENAZAS Y COACCIONES;Femenino;2017;13.19
ES3;Comunidad Madrid;2;AMENAZAS Y COACCIONES;Femenino;2018;14.38
ES3;Comunidad Madrid;2;AMENAZAS Y COACCIONES;Femenino;2019;14.808
ES3;Comunidad Madrid;2;AMENAZAS Y COACCIONES;Femenino;2020;12.871
ES3;Comunidad Madrid;2;AMENAZAS Y COACCIONES;Femenino;2021;13.231
ES3;Comunidad Madrid;2;AMENAZAS Y COACCIONES;Femenino;2022;11.493
ES3;Comunidad Madrid;3;CONTRA EL HONOR;Masculino;2017;1.177
ES3;Comunidad Madrid;3;CONTRA EL HONOR;Masculino;2018;0.781
ES3;Comunidad Madrid;3;CONTRA EL HONOR;Masculino;2019;1.163
ES3;Comunidad Madrid;3;CONTRA EL HONOR;Masculino;2020;0.908
ES3;Comunidad Madrid;3;CONTRA EL HONOR;Masculino;2021;0.833
ES3;Comunidad Madrid;3;CONTRA EL HONOR;Masculino;2022;0.845
ES3;Comunidad Madrid;3;CONTRA EL HONOR;Femenino;2017;1.362
ES3;Comunidad Madrid;3;CONTRA EL HONOR;Femenino;2018;1.47
ES3;Comunidad Madrid;3;CONTRA EL HONOR;Femenino;2019;1.209
ES3;Comunidad Madrid;3;CONTRA EL HONOR;Femenino;2020;1.235
ES3;Comunidad Madrid;3;CONTRA EL HONOR;Femenino;2021;0.847
ES3;Comunidad Madrid;3;CONTRA EL HONOR;Femenino;2022;0.875
ES3;Comunidad Madrid;4;CONTRA LA PROPIEDAD INDUSTRIAL/INTELECTUAL;Masculino;2017;0.077
ES3;Comunidad Madrid;4;CONTRA LA PROPIEDAD INDUSTRIAL/INTELECTUAL;Masculino;2018;0.046
ES3;Comunidad Madrid;4;CONTRA LA PROPIEDAD INDUSTRIAL/INTELECTUAL;Masculino;2019;0.106
ES3;Comunidad Madrid;4;CONTRA LA PROPIEDAD INDUSTRIAL/INTELECTUAL;Masculino;2020;0.164
ES3;Comunidad Madrid;4;CONTRA LA PROPIEDAD INDUSTRIAL/INTELECTUAL;Masculino;2021;0.134
ES3;Comunidad Madrid;4;CONTRA LA PROPIEDAD INDUSTRIAL/INTELECTUAL;Masculino;2022;0.089
ES3;Comunidad Madrid;4;CONTRA LA PROPIEDAD INDUSTRIAL/INTELECTUAL;Femenino;2017;0.077
ES3;Comunidad Madrid;4;CONTRA LA PROPIEDAD INDUSTRIAL/INTELECTUAL;Femenino;2018;0.015
ES3;Comunidad Madrid;4;CONTRA LA PROPIEDAD INDUSTRIAL/INTELECTUAL;Femenino;2019;0.06
ES3;Comunidad Madrid;4;CONTRA LA PROPIEDAD INDUSTRIAL/INTELECTUAL;Femenino;2020;0.089
ES3;Comunidad Madrid;4;CONTRA LA PROPIEDAD INDUSTRIAL/INTELECTUAL;Femenino;2021;0.149
ES3;Comunidad Madrid;4;CONTRA LA PROPIEDAD INDUSTRIAL/INTELECTUAL;Femenino;2022;0.104
ES3;Comunidad Madrid;5;DELITOS SEXUALES;Masculino;2017;0.898
ES3;Comunidad Madrid;5;DELITOS SEXUALES;Masculino;2018;0.842
ES3;Comunidad Madrid;5;DELITOS SEXUALES;Masculino;2019;1.496
ES3;Comunidad Madrid;5;DELITOS SEXUALES;Masculino;2020;1.518
ES3;Comunidad Madrid;5;DELITOS SEXUALES;Masculino;2021;0.758
ES3;Comunidad Madrid;5;DELITOS SEXUALES;Masculino;2022;0.46
ES3;Comunidad Madrid;5;DELITOS SEXUALES;Femenino;2017;1.269
ES3;Comunidad Madrid;5;DELITOS SEXUALES;Femenino;2018;1.332
ES3;Comunidad Madrid;5;DELITOS SEXUALES;Femenino;2019;1.723
ES3;Comunidad Madrid;5;DELITOS SEXUALES;Femenino;2020;1.548
ES3;Comunidad Madrid;5;DELITOS SEXUALES;Femenino;2021;1.71
ES3;Comunidad Madrid;5;DELITOS SEXUALES;Femenino;2022;1.453
ES3;Comunidad Madrid;6;FALSIFICACIÓN INFORMÁTICA;Masculino;2017;1.533
ES3;Comunidad Madrid;6;FALSIFICACIÓN INFORMÁTICA;Masculino;2018;1.761
ES3;Comunidad Madrid;6;FALSIFICACIÓN INFORMÁTICA;Masculino;2019;3.475
ES3;Comunidad Madrid;6;FALSIFICACIÓN INFORMÁTICA;Masculino;2020;4.91
ES3;Comunidad Madrid;6;FALSIFICACIÓN INFORMÁTICA;Masculino;2021;9.856
ES3;Comunidad Madrid;6;FALSIFICACIÓN INFORMÁTICA;Masculino;2022;12.234
ES3;Comunidad Madrid;6;FALSIFICACIÓN INFORMÁTICA;Femenino;2017;2.044
ES3;Comunidad Madrid;6;FALSIFICACIÓN INFORMÁTICA;Femenino;2018;2.037
ES3;Comunidad Madrid;6;FALSIFICACIÓN INFORMÁTICA;Femenino;2019;3.264
ES3;Comunidad Madrid;6;FALSIFICACIÓN INFORMÁTICA;Femenino;2020;5.491
ES3;Comunidad Madrid;6;FALSIFICACIÓN INFORMÁTICA;Femenino;2021;11.492
ES3;Comunidad Madrid;6;FALSIFICACIÓN INFORMÁTICA;Femenino;2022;12.857
ES3;Comunidad Madrid;7;FRAUDE INFORMÁTICO;Masculino;2017;46.615
ES3;Comunidad Madrid;7;FRAUDE INFORMÁTICO;Masculino;2018;92.589
ES3;Comunidad Madrid;7;FRAUDE INFORMÁTICO;Masculino;2019;204.319
ES3;Comunidad Madrid;7;FRAUDE INFORMÁTICO;Masculino;2020;257.563
ES3;Comunidad Madrid;7;FRAUDE INFORMÁTICO;Masculino;2021;261.23
ES3;Comunidad Madrid;7;FRAUDE INFORMÁTICO;Masculino;2022;308.842
ES3;Comunidad Madrid;7;FRAUDE INFORMÁTICO;Femenino;2017;38.363
ES3;Comunidad Madrid;7;FRAUDE INFORMÁTICO;Femenino;2018;87.52
ES3;Comunidad Madrid;7;FRAUDE INFORMÁTICO;Femenino;2019;190.493
ES3;Comunidad Madrid;7;FRAUDE INFORMÁTICO;Femenino;2020;248.753
ES3;Comunidad Madrid;7;FRAUDE INFORMÁTICO;Femenino;2021;252.593
ES3;Comunidad Madrid;7;FRAUDE INFORMÁTICO;Femenino;2022;329.025
ES3;Comunidad Madrid;8;INTERFERENCIA EN LOS DATOS Y EN EL SISTEMA;Masculino;2017;1.92
ES3;Comunidad Madrid;8;INTERFERENCIA EN LOS DATOS Y EN EL SISTEMA;Masculino;2018;1.715
ES3;Comunidad Madrid;8;INTERFERENCIA EN LOS DATOS Y EN EL SISTEMA;Masculino;2019;1.934
ES3;Comunidad Madrid;8;INTERFERENCIA EN LOS DATOS Y EN EL SISTEMA;Masculino;2020;1.905
ES3;Comunidad Madrid;8;INTERFERENCIA EN LOS DATOS Y EN EL SISTEMA;Masculino;2021;2.393
ES3;Comunidad Madrid;8;INTERFERENCIA EN LOS DATOS Y EN EL SISTEMA;Masculino;2022;2.966
ES3;Comunidad Madrid;8;INTERFERENCIA EN LOS DATOS Y EN EL SISTEMA;Femenino;2017;1.347
ES3;Comunidad Madrid;8;INTERFERENCIA EN LOS DATOS Y EN EL SISTEMA;Femenino;2018;0.934
ES3;Comunidad Madrid;8;INTERFERENCIA EN LOS DATOS Y EN EL SISTEMA;Femenino;2019;1.254
ES3;Comunidad Madrid;8;INTERFERENCIA EN LOS DATOS Y EN EL SISTEMA;Femenino;2020;1.652
ES3;Comunidad Madrid;8;INTERFERENCIA EN LOS DATOS Y EN EL SISTEMA;Femenino;2021;2.111
ES3;Comunidad Madrid;8;INTERFERENCIA EN LOS DATOS Y EN EL SISTEMA;Femenino;2022;1.883